hn_id,owner,repo,time_utc,post_time_utc,delta_24h,delta_48h,delta_168h,baseline_stars,launch_day_stars,hn_score,hn_comments,is_show_hn,post_hour_utc,post_weekday,is_weekend_post,title_len,has_numbers,has_exclamation,title_has_release,title_has_paper,owner_type,repo_age_days,readme_len,license_spdx,has_releases,stars_now,forks,open_issues,watchers,topics_has_llm,topics_has_rag,topics_has_transformers,topics_has_llama,topics_has_agent,topics_has_vector,topics_has_diffusion,ai_topic_any
45057322,elixir-lang,expert,2025-08-28T21:36:36+00:00,2025-08-28 21:36:36+00:00,307.0,307.0,307.0,127.0,307.0,83,12,False,21,3,0,65,0,0,1,0,Organization,344.0,1980.0,Apache-2.0,True,420.0,7.0,12.0,11.0,0.0,0.0,0.0,0.0,0.0,0.0,0.0,0
45052950,mcpcat,mcpcat-typescript-sdk,2025-08-28T14:54:07+00:00,2025-08-28 14:54:07+00:00,20.0,20.0,20.0,26.0,20.0,13,3,True,14,3,0,70,0,0,1,0,Organization,90.0,6234.0,MIT,False,46.0,2.0,1.0,2.0,0.0,0.0,0.0,0.0,1.0,0.0,0.0,1
45052200,mi12labs,swiftai,2025-08-28T13:51:51+00:00,2025-08-28 13:51:51+00:00,88.0,88.0,88.0,8.0,88.0,60,13,True,13,3,0,80,0,0,0,0,Organization,14.0,9120.0,MIT,True,95.0,5.0,2.0,2.0,0.0,0.0,0.0,0.0,0.0,0.0,0.0,1
45051542,b0nes164,gpuprefixsums,2025-08-28T12:49:10+00:00,2025-08-28 12:49:10+00:00,61.0,61.0,61.0,161.0,61.0,77,17,False,12,3,0,45,0,0,0,0,User,899.0,9469.0,NOASSERTION,False,221.0,9.0,2.0,5.0,0.0,0.0,0.0,0.0,0.0,0.0,0.0,0
45051219,forter,trusted-agentic-commerce-protocol,2025-08-28T12:14:15+00:00,2025-08-28 12:14:15+00:00,13.0,13.0,13.0,112.0,13.0,17,1,False,12,3,0,37,0,0,0,0,Organization,6.0,5983.0,MIT,False,125.0,1.0,0.0,2.0,0.0,0.0,0.0,0.0,0.0,0.0,0.0,1
45047572,soulim,bookmarks.txt,2025-08-28T02:12:23+00:00,2025-08-28 02:12:23+00:00,147.0,147.0,147.0,4.0,147.0,171,146,False,2,3,0,62,0,0,0,0,User,578.0,2128.0,MIT,False,151.0,3.0,0.0,4.0,0.0,0.0,0.0,0.0,0.0,0.0,0.0,0
45046547,anthropics,claude-code,2025-08-27T23:28:35+00:00,2025-08-27 23:28:35+00:00,147.0,178.0,178.0,31671.0,147.0,13,3,False,23,2,0,75,0,1,0,0,Organization,186.0,2413.0,,False,31848.0,1901.0,2871.0,194.0,0.0,0.0,0.0,0.0,0.0,0.0,0.0,0
45045116,polaroi8d,cactoide,2025-08-27T20:53:51+00:00,2025-08-27 20:53:51+00:00,148.0,152.0,152.0,0.0,148.0,105,59,True,20,2,0,61,0,0,1,0,User,0.0,2181.0,MIT,True,152.0,4.0,1.0,1.0,0.0,0.0,0.0,0.0,0.0,0.0,0.0,0
45041315,renzorlive,vimmaster,2025-08-27T15:50:54+00:00,2025-08-27 15:50:54+00:00,789.0,872.0,872.0,0.0,789.0,357,115,False,15,2,0,10,0,0,1,0,User,0.0,5743.0,MIT,False,869.0,36.0,5.0,5.0,0.0,0.0,0.0,0.0,0.0,0.0,0.0,0
45040875,razetime,efficient-array-programming,2025-08-27T15:16:18+00:00,2025-08-27 15:16:18+00:00,53.0,57.0,57.0,10.0,53.0,92,14,False,15,2,0,27,0,0,0,0,User,1535.0,1132.0,,False,67.0,0.0,0.0,4.0,0.0,0.0,0.0,0.0,0.0,0.0,0.0,0
45039978,napthaai,openstackbench,2025-08-27T14:09:48+00:00,2025-08-27 14:09:48+00:00,7.0,8.0,8.0,7.0,7.0,10,6,False,14,2,0,29,0,0,0,0,Organization,6.0,15132.0,,False,15.0,1.0,0.0,1.0,0.0,0.0,0.0,0.0,0.0,0.0,0.0,0
45037365,orgs,community,2025-08-27T09:43:43+00:00,2025-08-27 09:43:43+00:00,,,,,,435,339,False,9,2,0,36,0,0,0,0,,,,,,,,,,,,,,,,,1
45034957,jakeroggenbuck,regolith,2025-08-27T02:54:07+00:00,2025-08-27 02:54:07+00:00,26.0,28.0,28.0,33.0,26.0,27,25,True,2,2,0,72,0,0,1,0,User,71.0,20438.0,MIT,True,61.0,3.0,16.0,0.0,0.0,0.0,0.0,0.0,0.0,0.0,0.0,0
45034496,nrwl,nx,2025-08-27T01:38:48+00:00,2025-08-27 01:38:48+00:00,19.0,48.0,49.0,26776.0,19.0,432,425,False,1,2,0,67,0,0,1,0,Organization,2937.0,9227.0,MIT,True,26825.0,2583.0,688.0,171.0,0.0,0.0,0.0,0.0,0.0,0.0,0.0,0
45025678,sideko-inc,sideko,2025-08-26T12:36:20+00:00,2025-08-26 12:36:20+00:00,15.0,20.0,21.0,61.0,15.0,26,5,True,12,1,0,74,0,0,0,0,Organization,692.0,2141.0,NOASSERTION,True,82.0,3.0,0.0,5.0,0.0,0.0,0.0,0.0,0.0,0.0,0.0,1
45024338,microsoft,vibevoice,2025-08-26T09:46:04+00:00,2025-08-26 09:46:04+00:00,1139.0,3850.0,4394.0,981.0,1139.0,14,2,False,9,1,0,75,1,0,1,0,Organization,0.0,10526.0,MIT,False,5354.0,430.0,24.0,45.0,0.0,0.0,0.0,0.0,0.0,0.0,0.0,0
45022931,pandax381,xv6-riscv-net,2025-08-26T06:24:30+00:00,2025-08-26 06:24:30+00:00,59.0,65.0,66.0,11.0,59.0,144,12,True,6,1,0,72,1,0,1,0,User,39.0,3110.0,NOASSERTION,False,77.0,3.0,0.0,1.0,0.0,0.0,0.0,0.0,0.0,0.0,0.0,0
45021282,techarohq,anubis,2025-08-26T01:35:34+00:00,2025-08-26 01:35:34+00:00,36.0,79.0,117.0,12178.0,36.0,11,0,False,1,1,0,36,0,0,0,0,Organization,161.0,4755.0,MIT,True,12292.0,340.0,194.0,36.0,0.0,0.0,0.0,0.0,0.0,0.0,0.0,0
45020457,maliosdark,wifi-3d-fusion,2025-08-25T23:26:42+00:00,2025-08-25 23:26:42+00:00,291.0,369.0,379.0,2.0,291.0,121,31,False,23,0,0,55,1,0,0,0,User,6.0,34478.0,NOASSERTION,True,380.0,18.0,0.0,2.0,0.0,0.0,0.0,0.0,0.0,0.0,0.0,0
45019671,b1n4r1b01,n-days,2025-08-25T22:05:34+00:00,2025-08-25 22:05:34+00:00,40.0,68.0,73.0,329.0,40.0,228,56,False,22,0,0,26,1,0,0,0,User,1520.0,2709.0,,False,402.0,62.0,0.0,26.0,0.0,0.0,0.0,0.0,0.0,0.0,0.0,0
45018113,control-theory,gonzo,2025-08-25T19:44:01+00:00,2025-08-25 19:44:01+00:00,132.0,262.0,410.0,47.0,132.0,72,15,True,19,0,0,77,0,0,0,0,Organization,7.0,19745.0,MIT,True,457.0,9.0,7.0,5.0,0.0,0.0,0.0,0.0,0.0,0.0,0.0,0
45018081,zserge,fenster,2025-08-25T19:41:51+00:00,2025-08-25 19:41:51+00:00,211.0,237.0,256.0,1059.0,211.0,154,52,False,19,0,0,48,0,0,0,0,User,955.0,3381.0,MIT,False,1315.0,70.0,22.0,23.0,0.0,0.0,0.0,0.0,0.0,0.0,0.0,0
45017314,pipecat-ai,whisker,2025-08-25T18:37:15+00:00,2025-08-25 18:37:15+00:00,31.0,35.0,38.0,8.0,31.0,11,3,True,18,0,0,71,0,0,1,0,Organization,10.0,2281.0,BSD-2-Clause,True,46.0,4.0,0.0,0.0,0.0,0.0,0.0,0.0,0.0,0.0,0.0,1
45015758,secretml,secretmemorylocker,2025-08-25T16:39:42+00:00,2025-08-25 16:39:42+00:00,1.0,9.0,12.0,0.0,1.0,14,3,True,16,0,0,70,0,0,0,0,User,47.0,12120.0,MIT,True,12.0,0.0,1.0,0.0,0.0,0.0,0.0,0.0,0.0,0.0,0.0,0
45015281,vectifyai,pageindex,2025-08-25T16:00:38+00:00,2025-08-25 16:00:38+00:00,16.0,40.0,102.0,1195.0,16.0,11,0,True,16,0,0,36,0,0,1,0,Organization,146.0,8733.0,MIT,False,1296.0,118.0,14.0,13.0,1.0,1.0,0.0,0.0,0.0,0.0,0.0,1
45014911,antirez,sds,2025-08-25T15:27:59+00:00,2025-08-25 15:27:59+00:00,4.0,6.0,70.0,5182.0,4.0,111,43,False,15,0,0,41,0,0,0,0,User,4218.0,32055.0,BSD-2-Clause,False,5252.0,493.0,106.0,140.0,0.0,0.0,0.0,0.0,0.0,0.0,0.0,0
45013572,bkdevs,async-server,2025-08-25T13:21:19+00:00,2025-08-25 13:21:19+00:00,29.0,232.0,311.0,3.0,29.0,105,43,True,13,0,0,78,0,0,0,0,Organization,2.0,7203.0,MIT,False,314.0,19.0,4.0,4.0,0.0,0.0,0.0,0.0,0.0,0.0,0.0,0
45012548,endesga,pep,2025-08-25T11:05:38+00:00,2025-08-25 11:05:38+00:00,142.0,185.0,203.0,110.0,142.0,53,11,False,11,0,0,38,0,0,0,0,User,0.0,6276.0,CC0-1.0,False,313.0,9.0,1.0,4.0,0.0,0.0,0.0,0.0,0.0,0.0,0.0,0
45012430,bravenewxyz,agent-c,2025-08-25T10:43:50+00:00,2025-08-25 10:43:50+00:00,232.0,258.0,314.0,1.0,232.0,108,84,False,10,0,0,23,1,0,0,0,Organization,0.0,994.0,,False,314.0,19.0,0.0,1.0,0.0,0.0,0.0,0.0,1.0,0.0,0.0,1
45011004,pablo-chacon,spoon-bending,2025-08-25T06:48:34+00:00,2025-08-25 06:48:34+00:00,1.0,14.0,19.0,0.0,1.0,21,3,True,6,0,0,75,1,0,1,0,User,1.0,6224.0,NOASSERTION,False,19.0,1.0,0.0,0.0,0.0,0.0,0.0,0.0,0.0,0.0,0.0,1
45010524,ibm,mcp-context-forge,2025-08-25T05:30:00+00:00,2025-08-25 05:30:00+00:00,259.0,456.0,703.0,1433.0,259.0,73,53,False,5,0,0,24,0,0,0,0,Organization,108.0,104122.0,Apache-2.0,True,2135.0,243.0,161.0,26.0,0.0,0.0,0.0,0.0,1.0,0.0,0.0,1
45010461,jkool702,timep,2025-08-25T05:17:44+00:00,2025-08-25 05:17:44+00:00,34.0,49.0,53.0,115.0,34.0,53,11,True,5,0,0,75,0,0,0,0,User,46.0,18767.0,MIT,False,168.0,2.0,0.0,2.0,0.0,0.0,0.0,0.0,0.0,0.0,0.0,0
45009486,dt7qr,bitcoin-rewards-system-proposal,2025-08-25T01:52:34+00:00,2025-08-25 01:52:34+00:00,3.0,3.0,3.0,0.0,3.0,11,2,True,1,0,0,54,0,0,1,0,User,0.0,9161.0,,False,3.0,0.0,0.0,1.0,0.0,0.0,0.0,0.0,0.0,0.0,0.0,0
45008406,vuiodev,vuio,2025-08-24T22:31:22+00:00,2025-08-24 22:31:22+00:00,39.0,45.0,48.0,37.0,39.0,25,1,False,22,6,1,64,0,0,1,0,Organization,12.0,24986.0,Apache-2.0,True,85.0,0.0,4.0,0.0,0.0,0.0,0.0,0.0,0.0,0.0,0.0,0
45008308,cross-tools,musl-cross,2025-08-24T22:20:07+00:00,2025-08-24 22:20:07+00:00,31.0,34.0,34.0,60.0,31.0,34,17,False,22,6,1,34,1,0,0,0,Organization,525.0,2624.0,MIT,True,94.0,18.0,1.0,5.0,0.0,0.0,0.0,0.0,0.0,0.0,0.0,0
45007797,davidbuchanan314,anubis_offload,2025-08-24T21:08:26+00:00,2025-08-24 21:08:26+00:00,51.0,66.0,79.0,13.0,51.0,11,2,False,21,6,1,74,0,0,1,0,User,0.0,5027.0,MIT,False,92.0,2.0,0.0,1.0,0.0,0.0,0.0,0.0,0.0,0.0,0.0,0
45007525,schlae,cm5-reveng,2025-08-24T20:34:49+00:00,2025-08-24 20:34:49+00:00,45.0,92.0,175.0,3.0,45.0,88,23,False,20,6,1,48,1,0,1,0,User,0.0,9436.0,,False,177.0,12.0,1.0,1.0,0.0,0.0,0.0,0.0,0.0,0.0,0.0,0
45006686,adamhl8,filterql,2025-08-24T18:55:01+00:00,2025-08-24 18:55:01+00:00,5.0,8.0,183.0,14.0,5.0,76,21,True,18,6,1,71,0,0,0,0,User,10.0,18167.0,MIT,True,196.0,0.0,0.0,1.0,0.0,0.0,0.0,0.0,0.0,0.0,0.0,0
45005434,repomirrorhq,repomirror,2025-08-24T16:18:53+00:00,2025-08-24 16:18:53+00:00,101.0,166.0,199.0,6.0,101.0,417,303,False,16,6,1,37,0,0,0,0,Organization,1.0,1092.0,,False,204.0,11.0,3.0,1.0,0.0,0.0,0.0,0.0,0.0,0.0,0.0,1
45003420,roryclear,clearcam,2025-08-24T11:34:15+00:00,2025-08-24 11:34:15+00:00,285.0,331.0,354.0,12.0,285.0,230,66,True,11,6,1,67,0,0,1,0,User,231.0,2534.0,AGPL-3.0,True,366.0,9.0,0.0,1.0,0.0,0.0,0.0,0.0,0.0,0.0,0.0,0
45003358,unkn0wn-root,cascache,2025-08-24T11:24:40+00:00,2025-08-24 11:24:40+00:00,9.0,27.0,43.0,0.0,9.0,20,2,True,11,6,1,80,0,0,0,0,User,1.0,14403.0,NOASSERTION,True,43.0,0.0,0.0,1.0,0.0,0.0,0.0,0.0,0.0,0.0,0.0,0
45001979,phantomics,seed,2025-08-24T06:57:19+00:00,2025-08-24 06:57:19+00:00,40.0,45.0,52.0,78.0,40.0,120,21,False,6,6,1,59,0,0,1,0,User,2873.0,6167.0,GPL-3.0,False,130.0,6.0,2.0,11.0,0.0,0.0,0.0,0.0,0.0,0.0,0.0,0
45001466,nimeshnayaju,decode-kit,2025-08-24T04:43:34+00:00,2025-08-24 04:43:34+00:00,2.0,60.0,142.0,1.0,2.0,30,35,False,4,6,1,76,0,0,1,0,User,2.0,8128.0,MIT,False,143.0,3.0,0.0,1.0,0.0,0.0,0.0,0.0,0.0,0.0,0.0,0
45001371,martianlantern,thinkmesh,2025-08-24T04:23:33+00:00,2025-08-24 04:23:33+00:00,121.0,147.0,217.0,0.0,121.0,72,4,False,4,6,1,53,0,0,0,0,User,0.0,5865.0,MIT,False,217.0,10.0,0.0,1.0,0.0,0.0,0.0,0.0,0.0,0.0,0.0,1
45000982,kagehq,port-kill,2025-08-24T03:08:15+00:00,2025-08-24 03:08:15+00:00,228.0,292.0,345.0,4.0,228.0,125,47,True,3,6,1,76,0,0,1,0,Organization,0.0,7220.0,NOASSERTION,False,349.0,4.0,4.0,0.0,0.0,0.0,0.0,0.0,0.0,0.0,0.0,0
45000400,hkuds,deepcode,2025-08-24T01:09:06+00:00,2025-08-24 01:09:06+00:00,621.0,1634.0,2629.0,1783.0,621.0,13,3,False,1,6,1,29,0,0,0,0,Organization,101.0,35113.0,MIT,True,4410.0,450.0,14.0,48.0,0.0,0.0,0.0,0.0,0.0,0.0,0.0,1
44998316,nrposner,fizzcrate,2025-08-23T19:10:32+00:00,2025-08-23 19:10:32+00:00,9.0,16.0,16.0,0.0,9.0,30,16,False,19,5,1,27,0,0,0,0,User,0.0,16585.0,,False,16.0,0.0,2.0,0.0,0.0,0.0,0.0,0.0,0.0,0.0,0.0,0
44995189,underpig1,octos,2025-08-23T11:29:17+00:00,2025-08-23 11:29:17+00:00,10.0,13.0,34.0,550.0,10.0,11,2,True,11,5,1,75,0,0,1,1,User,889.0,4070.0,MIT,True,584.0,8.0,4.0,6.0,0.0,0.0,0.0,0.0,0.0,0.0,0.0,0
44995147,lunarengine,lunar-test,2025-08-23T11:22:15+00:00,2025-08-23 11:22:15+00:00,316.0,382.0,441.0,7.0,316.0,279,98,False,11,5,1,58,0,0,0,0,User,0.0,6972.0,MIT,True,448.0,25.0,10.0,8.0,0.0,0.0,0.0,0.0,0.0,0.0,0.0,0
44994535,explosion,spacy,2025-08-23T09:07:38+00:00,2025-08-23 09:07:38+00:00,6.0,13.0,154.0,32209.0,6.0,132,62,False,9,5,1,70,0,0,0,0,Organization,4068.0,23776.0,MIT,True,32361.0,4572.0,201.0,567.0,0.0,0.0,0.0,0.0,0.0,0.0,0.0,0
44994071,3b1b,manim,2025-08-23T07:35:49+00:00,2025-08-23 07:35:49+00:00,0.0,0.0,0.0,40000.0,0.0,427,68,False,7,5,1,51,0,0,1,0,User,3806.0,6598.0,MIT,True,80212.0,6858.0,465.0,929.0,0.0,0.0,0.0,0.0,0.0,0.0,0.0,0
44993874,hkuds,deepcode,2025-08-23T06:53:22+00:00,2025-08-23 06:53:22+00:00,449.0,1148.0,2962.0,1450.0,449.0,18,2,False,6,5,1,29,0,0,0,0,Organization,101.0,35113.0,MIT,True,4410.0,450.0,14.0,48.0,0.0,0.0,0.0,0.0,0.0,0.0,0.0,1
44993761,rijinraju,octanedb,2025-08-23T06:31:00+00:00,2025-08-23 06:31:00+00:00,50.0,57.0,63.0,1.0,50.0,33,12,True,6,5,1,64,0,0,1,0,User,2.0,11324.0,MIT,False,64.0,0.0,0.0,2.0,0.0,0.0,0.0,0.0,0.0,0.0,0.0,1
44993297,ayushmi,agentstate,2025-08-23T04:57:44+00:00,2025-08-23 04:57:44+00:00,24.0,37.0,46.0,1.0,24.0,15,0,True,4,5,1,76,0,0,0,0,User,1.0,13893.0,Apache-2.0,True,47.0,0.0,27.0,1.0,0.0,0.0,0.0,0.0,0.0,0.0,0.0,1
44990680,mbuhot,glyn,2025-08-22T22:29:28+00:00,2025-08-22 22:29:28+00:00,63.0,72.0,73.0,5.0,63.0,75,11,False,22,4,0,80,0,0,0,0,User,13.0,8185.0,MIT,False,78.0,1.0,0.0,0.0,0.0,0.0,0.0,0.0,0.0,0.0,0.0,0
44988529,mozilla-ai,any-llm,2025-08-22T19:06:22+00:00,2025-08-22 19:06:22+00:00,8.0,11.0,23.0,923.0,8.0,10,0,True,19,4,0,80,0,0,0,0,Organization,39.0,6569.0,Apache-2.0,True,946.0,67.0,45.0,8.0,1.0,0.0,0.0,0.0,0.0,0.0,0.0,1
44988271,evidlo,xsl-website,2025-08-22T18:47:30+00:00,2025-08-22 18:47:30+00:00,62.0,74.0,78.0,11.0,62.0,210,114,True,18,4,0,41,0,0,1,0,User,1661.0,629.0,,False,89.0,5.0,0.0,1.0,0.0,0.0,0.0,0.0,0.0,0.0,0.0,0
44987552,whatwg,html,2025-08-22T17:56:12+00:00,2025-08-22 17:56:12+00:00,11.0,16.0,32.0,8711.0,11.0,133,107,False,17,4,0,39,1,0,0,0,Organization,4397.0,879.0,NOASSERTION,False,8743.0,2968.0,2280.0,709.0,0.0,0.0,0.0,0.0,0.0,0.0,0.0,0
44987346,whatwg,html,2025-08-22T17:38:57+00:00,2025-08-22 17:38:57+00:00,11.0,16.0,32.0,8711.0,11.0,157,142,False,17,4,0,64,0,0,1,0,Organization,4397.0,879.0,NOASSERTION,False,8743.0,2968.0,2280.0,709.0,0.0,0.0,0.0,0.0,0.0,0.0,0.0,0
44987221,browseros-ai,browseros,2025-08-22T17:27:00+00:00,2025-08-22 17:27:00+00:00,28.0,41.0,101.0,3857.0,28.0,12,2,True,17,4,0,61,0,0,0,0,Organization,96.0,5461.0,AGPL-3.0,True,3958.0,292.0,31.0,20.0,0.0,0.0,0.0,0.0,0.0,0.0,0.0,1
44986914,whit3rabbit,bubbletea-rs,2025-08-22T17:00:35+00:00,2025-08-22 17:00:35+00:00,80.0,106.0,168.0,5.0,80.0,18,3,False,17,4,0,48,0,0,0,0,User,19.0,6073.0,MIT,True,173.0,0.0,1.0,1.0,0.0,0.0,0.0,0.0,0.0,0.0,0.0,0
44986205,murat-cileli,clyp,2025-08-22T16:03:26+00:00,2025-08-22 16:03:26+00:00,137.0,186.0,234.0,6.0,137.0,79,48,True,16,4,0,43,0,0,0,0,User,7.0,4291.0,GPL-3.0,True,240.0,4.0,4.0,3.0,0.0,0.0,0.0,0.0,0.0,0.0,0.0,0
44985058,lacquerai,lacquer,2025-08-22T14:22:45+00:00,2025-08-22 14:22:45+00:00,2.0,3.0,8.0,10.0,2.0,11,1,True,14,4,0,72,0,0,0,0,Organization,66.0,11105.0,Apache-2.0,True,18.0,0.0,1.0,1.0,0.0,0.0,0.0,0.0,0.0,0.0,0.0,0
44984675,imzackadams,aimless,2025-08-22T13:49:06+00:00,2025-08-22 13:49:06+00:00,0.0,2.0,7.0,1.0,0.0,13,5,True,13,4,0,74,1,0,0,0,User,1.0,5883.0,,False,8.0,0.0,0.0,0.0,0.0,0.0,0.0,0.0,0.0,0.0,0.0,0
44983835,open-energy-transition,awesome-electrical-grid-mapping,2025-08-22T12:38:47+00:00,2025-08-22 12:38:47+00:00,8.0,9.0,10.0,66.0,8.0,10,0,False,12,4,0,23,0,0,0,0,Organization,231.0,49678.0,CC0-1.0,False,76.0,5.0,11.0,7.0,0.0,0.0,0.0,0.0,0.0,0.0,0.0,0
44982748,henrygabriels,fmllm,2025-08-22T10:14:59+00:00,2025-08-22 10:14:59+00:00,9.0,10.0,10.0,2.0,9.0,37,27,False,10,4,0,80,1,0,0,0,User,9.0,8080.0,,False,12.0,0.0,0.0,0.0,0.0,0.0,0.0,0.0,0.0,0.0,0.0,1
44981989,mehrantsi,feoxdb,2025-08-22T07:57:57+00:00,2025-08-22 07:57:57+00:00,42.0,70.0,118.0,1.0,42.0,37,8,True,7,4,0,46,0,0,1,0,User,2.0,16204.0,Apache-2.0,True,119.0,1.0,1.0,0.0,0.0,0.0,0.0,0.0,0.0,0.0,0.0,0
44980042,osyamato,os-yamato,2025-08-22T01:06:56+00:00,2025-08-22 01:06:56+00:00,0.0,0.0,13.0,12.0,0.0,25,35,False,1,4,0,34,0,0,0,0,User,119.0,4185.0,NOASSERTION,False,25.0,0.0,0.0,1.0,0.0,0.0,0.0,0.0,0.0,0.0,0.0,0
44976568,ghostty-org,ghostty,2025-08-21T18:49:57+00:00,2025-08-21 18:49:57+00:00,105.0,140.0,350.0,34464.0,105.0,724,461,False,18,3,0,46,0,0,0,0,Organization,1241.0,8743.0,MIT,True,34828.0,1020.0,192.0,177.0,0.0,0.0,0.0,0.0,0.0,0.0,0.0,0
44975562,mozilla-ai,mcpd,2025-08-21T17:27:43+00:00,2025-08-21 17:27:43+00:00,14.0,19.0,28.0,21.0,14.0,14,1,True,17,3,0,60,0,0,1,0,Organization,85.0,6964.0,Apache-2.0,True,52.0,3.0,27.0,1.0,0.0,0.0,0.0,0.0,0.0,0.0,0.0,0
44972255,opactorai,claudable,2025-08-21T13:02:22+00:00,2025-08-21 13:02:22+00:00,138.0,369.0,1181.0,96.0,138.0,38,10,True,13,3,0,74,0,0,1,0,Organization,1.0,9508.0,MIT,False,1310.0,189.0,11.0,13.0,0.0,0.0,0.0,0.0,0.0,0.0,0.0,0
44969622,growth-kinetics,diffmem,2025-08-21T06:20:11+00:00,2025-08-21 06:20:11+00:00,350.0,414.0,497.0,38.0,350.0,198,45,True,6,3,0,65,0,0,1,0,Organization,0.0,7280.0,,False,551.0,30.0,1.0,12.0,0.0,0.0,0.0,0.0,0.0,0.0,0.0,1
44967505,jamesplotts,simpleide,2025-08-20T23:15:55+00:00,2025-08-20 23:15:55+00:00,78.0,87.0,93.0,0.0,78.0,100,54,False,23,2,0,9,0,0,0,0,User,3.0,9580.0,,False,95.0,3.0,1.0,5.0,0.0,0.0,0.0,0.0,0.0,0.0,0.0,0
44966940,karpathy,rendergit,2025-08-20T21:56:49+00:00,2025-08-20 21:56:49+00:00,379.0,557.0,896.0,469.0,379.0,20,0,False,21,2,0,69,0,0,0,0,User,0.0,2066.0,,False,1442.0,120.0,9.0,10.0,0.0,0.0,0.0,0.0,0.0,0.0,0.0,1
44966170,plutoprint,plutoprint,2025-08-20T20:37:58+00:00,2025-08-20 20:37:58+00:00,335.0,393.0,487.0,13.0,335.0,161,48,True,20,2,0,66,0,0,0,0,Organization,473.0,8939.0,MIT,True,599.0,22.0,3.0,6.0,0.0,0.0,0.0,0.0,0.0,0.0,0.0,0
44965229,lsolbach,qclojure,2025-08-20T19:12:58+00:00,2025-08-20 19:12:58+00:00,1.0,1.0,1.0,23.0,1.0,20,0,False,19,2,0,69,0,0,0,0,User,80.0,7527.0,EPL-1.0,False,25.0,0.0,0.0,1.0,0.0,0.0,0.0,0.0,0.0,0.0,0.0,0
44964916,zedless-editor,zed,2025-08-20T18:47:03+00:00,2025-08-20 18:47:03+00:00,688.0,797.0,947.0,48.0,688.0,555,322,False,18,2,0,58,0,0,1,0,Organization,187.0,1977.0,NOASSERTION,True,1011.0,17.0,7.0,9.0,0.0,0.0,0.0,0.0,0.0,0.0,0.0,0
44964332,rhodey,bizcardz.ai,2025-08-20T17:54:22+00:00,2025-08-20 17:54:22+00:00,27.0,28.0,30.0,0.0,27.0,26,32,True,17,2,0,50,0,0,0,0,User,381.0,1656.0,NOASSERTION,False,30.0,2.0,1.0,1.0,0.0,0.0,0.0,0.0,0.0,0.0,0.0,0
44963724,google,pytype,2025-08-20T17:04:51+00:00,2025-08-20 17:04:51+00:00,67.0,75.0,82.0,4907.0,67.0,199,66,False,17,2,0,19,0,0,0,0,Organization,3807.0,1769.0,NOASSERTION,False,4991.0,290.0,2.0,54.0,0.0,0.0,0.0,0.0,0.0,0.0,0.0,0
44963324,okapi-core,okapi,2025-08-20T16:22:59+00:00,2025-08-20 16:22:59+00:00,9.0,9.0,9.0,1.0,9.0,14,5,True,16,2,0,60,0,0,0,0,User,8.0,8141.0,Apache-2.0,False,10.0,0.0,0.0,0.0,0.0,0.0,0.0,0.0,0.0,0.0,0.0,0
44963135,luminal-ai,luminal,2025-08-20T16:01:13+00:00,2025-08-20 16:01:13+00:00,183.0,221.0,286.0,2098.0,183.0,152,60,True,16,2,0,57,0,0,0,0,Organization,763.0,7948.0,Apache-2.0,True,2396.0,144.0,29.0,23.0,0.0,0.0,0.0,0.0,0.0,0.0,0.0,0
44962059,rasbt,llms-from-scratch,2025-08-20T14:01:26+00:00,2025-08-20 14:01:26+00:00,0.0,0.0,0.0,40000.0,0.0,415,57,False,14,2,0,63,1,0,0,0,User,758.0,16619.0,NOASSERTION,False,67666.0,9538.0,3.0,608.0,1.0,0.0,0.0,0.0,0.0,0.0,0.0,1
44961890,brightdata,brightdata-mcp,2025-08-20T13:44:08+00:00,2025-08-20 13:44:08+00:00,11.0,18.0,47.0,1103.0,11.0,11,1,True,13,2,0,74,0,0,0,0,Organization,127.0,12424.0,MIT,False,1158.0,155.0,7.0,8.0,1.0,0.0,0.0,0.0,0.0,0.0,0.0,1
44960594,automazeio,ccpm,2025-08-20T10:32:12+00:00,2025-08-20 10:32:12+00:00,899.0,1213.0,2983.0,6.0,899.0,174,112,True,10,2,0,50,0,0,0,0,Organization,1.0,16611.0,MIT,False,3184.0,311.0,24.0,20.0,0.0,0.0,0.0,0.0,0.0,0.0,0.0,0
44958543,osyamato,os-yamato,2025-08-20T04:04:20+00:00,2025-08-20 04:04:20+00:00,9.0,9.0,21.0,3.0,9.0,18,8,True,4,2,0,73,0,0,0,0,User,117.0,4185.0,NOASSERTION,False,25.0,0.0,0.0,1.0,0.0,0.0,0.0,0.0,0.0,0.0,0.0,0
44957291,brianredbeard,rucat,2025-08-19T23:41:35+00:00,2025-08-19 23:41:35+00:00,5.0,8.0,10.0,0.0,5.0,10,1,True,23,1,0,41,0,0,0,0,User,5.0,10594.0,GPL-3.0,True,10.0,0.0,4.0,0.0,0.0,0.0,0.0,0.0,0.0,0.0,0.0,0
44956899,ghostty-org,ghostty,2025-08-19T22:37:56+00:00,2025-08-19 22:37:56+00:00,73.0,151.0,386.0,34344.0,73.0,11,3,False,22,1,0,46,0,0,0,0,Organization,1239.0,8743.0,MIT,True,34828.0,1020.0,192.0,177.0,0.0,0.0,0.0,0.0,0.0,0.0,0.0,0
44956002,tintinweb,claude-code-container,2025-08-19T20:34:36+00:00,2025-08-19 20:34:36+00:00,42.0,49.0,62.0,3.0,42.0,32,12,False,20,1,0,79,0,0,0,0,User,0.0,3795.0,,False,66.0,4.0,0.0,0.0,0.0,0.0,0.0,0.0,0.0,0.0,0.0,0
44955576,openai,openai-reflect,2025-08-19T19:48:38+00:00,2025-08-19 19:48:38+00:00,113.0,128.0,141.0,10.0,113.0,92,52,True,19,1,0,74,0,0,0,0,Organization,21.0,2754.0,MIT,False,154.0,8.0,1.0,0.0,0.0,0.0,0.0,0.0,0.0,0.0,0.0,0
44955424,lemonade-sdk,lemonade,2025-08-19T19:35:16+00:00,2025-08-19 19:35:16+00:00,120.0,206.0,406.0,671.0,120.0,15,0,True,19,1,0,65,0,0,0,0,Organization,96.0,13122.0,Apache-2.0,True,1138.0,83.0,69.0,11.0,1.0,0.0,0.0,1.0,0.0,0.0,0.0,1
44955159,drbubble,arduinoos,2025-08-19T19:12:50+00:00,2025-08-19 19:12:50+00:00,10.0,10.0,33.0,23.0,10.0,58,5,False,19,1,0,16,1,0,0,0,User,3336.0,14852.0,NOASSERTION,True,56.0,2.0,1.0,5.0,0.0,0.0,0.0,0.0,0.0,0.0,0.0,0
44953615,tambo-ai,tambo,2025-08-19T16:52:34+00:00,2025-08-19 16:52:34+00:00,6.0,7.0,13.0,610.0,6.0,11,16,True,16,1,0,77,0,0,0,0,Organization,429.0,8177.0,MIT,True,627.0,49.0,44.0,9.0,0.0,0.0,0.0,0.0,1.0,0.0,0.0,1
44953395,pi22by7,in-memoria,2025-08-19T16:29:45+00:00,2025-08-19 16:29:45+00:00,15.0,20.0,30.0,3.0,15.0,13,0,True,16,1,0,77,0,0,1,0,User,3.0,9809.0,MIT,False,39.0,3.0,0.0,2.0,0.0,0.0,0.0,0.0,0.0,0.0,0.0,1
44952185,whatwg,html,2025-08-19T14:48:54+00:00,2025-08-19 14:48:54+00:00,4.0,8.0,36.0,8698.0,4.0,388,534,False,14,1,0,44,0,0,1,0,Organization,4394.0,879.0,NOASSERTION,False,8743.0,2968.0,2280.0,709.0,0.0,0.0,0.0,0.0,0.0,0.0,0.0,0
44951200,inshinrei,halua,2025-08-19T13:20:37+00:00,2025-08-19 13:20:37+00:00,6.0,12.0,13.0,0.0,6.0,17,9,True,13,1,0,67,0,0,1,0,User,55.0,326.0,MIT,True,13.0,0.0,1.0,0.0,0.0,0.0,0.0,0.0,0.0,0.0,0.0,0
44949617,xrip,pico-286,2025-08-19T08:53:23+00:00,2025-08-19 08:53:23+00:00,50.0,64.0,90.0,108.0,50.0,31,40,False,8,1,0,39,1,0,0,0,User,336.0,22627.0,MIT,True,202.0,10.0,1.0,4.0,0.0,0.0,0.0,0.0,0.0,0.0,0.0,0
44946996,clemenselflein,openmower,2025-08-19T00:35:08+00:00,2025-08-19 00:35:08+00:00,614.0,702.0,807.0,4931.0,614.0,609,190,False,0,1,0,37,0,0,0,0,User,1300.0,9607.0,NOASSERTION,True,5786.0,339.0,25.0,232.0,0.0,0.0,0.0,0.0,0.0,0.0,0.0,0
44945113,usestrix,strix,2025-08-18T20:43:13+00:00,2025-08-18 20:43:13+00:00,276.0,347.0,422.0,82.0,276.0,102,15,True,20,0,0,53,0,0,0,0,Organization,12.0,5052.0,Apache-2.0,False,547.0,53.0,2.0,12.0,0.0,0.0,0.0,0.0,0.0,0.0,0.0,0
44945008,tiny-tpu-v2,tiny-tpu,2025-08-18T20:34:37+00:00,2025-08-18 20:34:37+00:00,440.0,533.0,725.0,11.0,440.0,271,17,False,20,0,0,74,0,0,0,0,Organization,91.0,10767.0,,False,825.0,57.0,0.0,12.0,0.0,0.0,0.0,0.0,0.0,0.0,0.0,0
44944787,jgbrwn,retro-computing-stream,2025-08-18T20:13:38+00:00,2025-08-18 20:13:38+00:00,0.0,0.0,0.0,3.0,0.0,13,1,False,20,0,0,76,0,0,1,0,User,130.0,0.0,MIT,False,3.0,0.0,0.0,1.0,0.0,0.0,0.0,0.0,0.0,0.0,0.0,0
44942731,epicenter-so,epicenter,2025-08-18T16:52:29+00:00,2025-08-18 16:52:29+00:00,682.0,955.0,1436.0,1355.0,682.0,590,151,True,16,0,0,70,0,0,0,0,Organization,886.0,8082.0,MIT,True,2912.0,170.0,109.0,11.0,0.0,0.0,0.0,0.0,0.0,0.0,0.0,0
44941546,cvilsmeier,go-sqlite-bench,2025-08-18T15:13:39+00:00,2025-08-18 15:13:39+00:00,11.0,16.0,62.0,434.0,11.0,92,35,False,15,0,0,36,0,0,1,0,User,1890.0,8515.0,Unlicense,False,500.0,9.0,0.0,6.0,0.0,0.0,0.0,0.0,0.0,0.0,0.0,0
44941043,gibsonai,memori,2025-08-18T14:29:32+00:00,2025-08-18 14:29:32+00:00,65.0,91.0,180.0,52.0,65.0,17,11,True,14,0,0,57,0,0,0,0,Organization,25.0,13785.0,NOASSERTION,True,251.0,21.0,14.0,4.0,1.0,1.0,0.0,0.0,1.0,0.0,0.0,1
44940974,wieslawsoltes,hackernewswatch,2025-08-18T14:22:48+00:00,2025-08-18 14:22:48+00:00,50.0,53.0,56.0,5.0,50.0,62,20,True,14,0,0,72,0,0,0,0,User,0.0,1515.0,,False,61.0,2.0,0.0,0.0,0.0,0.0,0.0,0.0,0.0,0.0,0.0,0
44940485,ffmpeg,asm-lessons,2025-08-18T13:39:53+00:00,2025-08-18 13:39:53+00:00,487.0,577.0,656.0,8273.0,487.0,422,158,False,13,0,0,32,0,0,0,0,Organization,232.0,939.0,,False,9030.0,271.0,21.0,146.0,0.0,0.0,0.0,0.0,0.0,0.0,0.0,0
44940089,awslabs,mcp,2025-08-18T12:57:28+00:00,2025-08-18 12:57:28+00:00,163.0,493.0,635.0,5401.0,163.0,227,93,False,12,0,0,27,0,0,1,0,Organization,150.0,164910.0,Apache-2.0,True,6111.0,810.0,189.0,56.0,0.0,0.0,0.0,0.0,0.0,0.0,0.0,0
44939874,xyflow,strudel-flow,2025-08-18T12:34:43+00:00,2025-08-18 12:34:43+00:00,7.0,9.0,86.0,8.0,7.0,37,8,True,12,0,0,76,0,0,0,0,Organization,42.0,6134.0,AGPL-3.0,False,98.0,4.0,5.0,0.0,0.0,0.0,0.0,0.0,0.0,0.0,0.0,0
44939873,tonbo-io,typed-arrow,2025-08-18T12:34:36+00:00,2025-08-18 12:34:36+00:00,25.0,37.0,105.0,38.0,25.0,48,8,True,12,0,0,58,0,0,0,0,Organization,3.0,7819.0,Apache-2.0,True,150.0,4.0,1.0,3.0,0.0,0.0,0.0,0.0,0.0,0.0,0.0,0
44939642,universal-tool-calling-protocol,python-utcp,2025-08-18T11:56:03+00:00,2025-08-18 11:56:03+00:00,2.0,8.0,120.0,398.0,2.0,75,66,False,11,0,0,38,0,0,1,0,Organization,54.0,17116.0,MPL-2.0,False,528.0,34.0,11.0,8.0,1.0,0.0,0.0,0.0,0.0,0.0,0.0,1
44938718,mikasjp,busybee,2025-08-18T09:11:16+00:00,2025-08-18 09:11:16+00:00,12.0,29.0,100.0,0.0,12.0,82,25,False,9,0,0,54,0,0,1,0,User,6.0,6048.0,Apache-2.0,True,101.0,1.0,1.0,0.0,0.0,0.0,0.0,0.0,0.0,0.0,0.0,0
44938667,railsjazz,rails_charts,2025-08-18T09:00:53+00:00,2025-08-18 09:00:53+00:00,15.0,45.0,124.0,195.0,15.0,87,6,False,9,0,0,38,0,0,0,0,Organization,1216.0,11954.0,MIT,True,326.0,22.0,6.0,4.0,0.0,0.0,0.0,0.0,0.0,0.0,0.0,0
44937978,eloqdata,eloqkv,2025-08-18T06:35:02+00:00,2025-08-18 06:35:02+00:00,4.0,106.0,142.0,236.0,4.0,54,45,False,6,0,0,75,1,0,1,0,Organization,193.0,10244.0,NOASSERTION,False,395.0,30.0,23.0,9.0,0.0,0.0,0.0,0.0,0.0,0.0,0.0,0
44937346,isene,imdb,2025-08-18T04:13:56+00:00,2025-08-18 04:13:56+00:00,33.0,39.0,40.0,31.0,33.0,21,15,False,4,0,0,21,0,0,0,0,User,778.0,7059.0,Unlicense,False,71.0,1.0,2.0,2.0,0.0,0.0,0.0,0.0,0.0,0.0,0.0,0
44936333,google,mangle,2025-08-18T00:55:35+00:00,2025-08-18 00:55:35+00:00,123.0,139.0,455.0,1126.0,123.0,103,19,False,0,0,0,54,0,0,1,0,Organization,997.0,5448.0,Apache-2.0,True,1761.0,79.0,8.0,27.0,0.0,0.0,0.0,0.0,0.0,0.0,0.0,0
44935821,walterwanderley,sqlite-http-cache,2025-08-17T23:24:13+00:00,2025-08-17 23:24:13+00:00,5.0,5.0,5.0,4.0,5.0,10,0,False,23,6,1,58,0,0,0,0,User,12.0,2215.0,Apache-2.0,True,9.0,0.0,0.0,0.0,0.0,0.0,0.0,0.0,0.0,0.0,0.0,0
44935169,ngafar,llama-scan,2025-08-17T21:40:47+00:00,2025-08-17 21:40:47+00:00,456.0,502.0,539.0,0.0,456.0,220,83,False,21,6,1,45,0,0,1,0,User,67.0,1338.0,MIT,False,624.0,33.0,1.0,1.0,0.0,0.0,0.0,0.0,0.0,0.0,0.0,1
44934988,0xatrilla,liquidsky,2025-08-17T21:12:26+00:00,2025-08-17 21:12:26+00:00,15.0,17.0,21.0,4.0,15.0,20,12,True,21,6,1,33,0,0,1,0,User,1.0,7134.0,AGPL-3.0,False,26.0,1.0,0.0,0.0,0.0,0.0,0.0,0.0,0.0,0.0,0.0,0
44934518,algolia,hn-search,2025-08-17T20:08:56+00:00,2025-08-17 20:08:56+00:00,7.0,7.0,9.0,568.0,7.0,200,50,False,20,6,1,47,0,0,0,0,Organization,4287.0,4154.0,NOASSERTION,False,579.0,73.0,31.0,88.0,0.0,0.0,0.0,0.0,0.0,0.0,0.0,0
44934391,bgreenwell,doxx,2025-08-17T19:52:03+00:00,2025-08-17 19:52:03+00:00,852.0,1026.0,2264.0,14.0,852.0,261,72,True,19,6,1,54,0,0,1,0,User,1.0,9293.0,MIT,True,2637.0,55.0,13.0,8.0,0.0,0.0,0.0,0.0,0.0,0.0,0.0,0
44933435,jgoyd,ios-18.5-bluetooth-privacy-vuln,2025-08-17T17:50:55+00:00,2025-08-17 17:50:55+00:00,13.0,16.0,17.0,0.0,13.0,78,25,False,17,6,1,42,1,0,1,0,User,0.0,1695.0,,False,18.0,0.0,0.0,1.0,0.0,0.0,0.0,0.0,0.0,0.0,0.0,0
44932624,superilu,dosdevelresources,2025-08-17T16:10:37+00:00,2025-08-17 16:10:37+00:00,65.0,85.0,102.0,10.0,65.0,126,42,False,16,6,1,28,0,0,1,0,User,1.0,11461.0,MIT,False,114.0,5.0,0.0,2.0,0.0,0.0,0.0,0.0,0.0,0.0,0.0,0
44931753,ahmedhosssam,chatbang,2025-08-17T14:21:08+00:00,2025-08-17 14:21:08+00:00,69.0,99.0,149.0,2.0,69.0,21,2,True,14,6,1,71,0,0,0,0,User,85.0,1728.0,MIT,True,154.0,19.0,2.0,0.0,0.0,0.0,0.0,0.0,0.0,0.0,0.0,1
44928997,wan-video,wan2.2,2025-08-17T05:00:40+00:00,2025-08-17 05:00:40+00:00,347.0,437.0,662.0,3438.0,347.0,220,38,False,5,6,1,38,1,0,1,0,Organization,19.0,26177.0,Apache-2.0,False,4582.0,289.0,80.0,25.0,0.0,0.0,0.0,0.0,0.0,0.0,0.0,0
44925853,robert-van-engelen,tinylisp,2025-08-16T18:37:17+00:00,2025-08-16 18:37:17+00:00,91.0,117.0,262.0,921.0,91.0,108,26,False,18,5,1,15,1,0,0,0,User,1129.0,15436.0,BSD-3-Clause,False,1206.0,65.0,1.0,17.0,0.0,0.0,0.0,0.0,0.0,0.0,0.0,0
44925597,superstarryeyes,lue,2025-08-16T18:00:33+00:00,2025-08-16 18:00:33+00:00,183.0,218.0,352.0,12.0,183.0,99,23,True,18,5,1,56,0,0,0,0,User,0.0,7738.0,GPL-3.0,True,384.0,11.0,5.0,1.0,0.0,0.0,0.0,0.0,0.0,0.0,0.0,0
44925333,context-labs,uwu,2025-08-16T17:26:27+00:00,2025-08-16 17:26:27+00:00,58.0,257.0,402.0,408.0,58.0,16,2,False,17,5,1,56,0,0,1,0,Organization,5.0,10349.0,MIT,False,837.0,36.0,5.0,4.0,0.0,0.0,0.0,0.0,0.0,0.0,0.0,0
44922859,h0x0er,ebpf-snippets,2025-08-16T12:45:18+00:00,2025-08-16 12:45:18+00:00,3.0,7.0,11.0,0.0,3.0,12,2,True,12,5,1,51,0,0,1,0,User,0.0,882.0,MIT,True,14.0,2.0,0.0,0.0,0.0,0.0,0.0,0.0,0.0,0.0,0.0,0
44922556,pgautoupgrade,docker-pgautoupgrade,2025-08-16T12:10:30+00:00,2025-08-16 12:10:30+00:00,0.0,35.0,50.0,854.0,0.0,27,16,False,12,5,1,74,1,0,0,0,Organization,770.0,8072.0,MIT,False,911.0,30.0,13.0,11.0,0.0,0.0,0.0,0.0,0.0,0.0,0.0,0
44921674,clement-tourriere,dbcrust,2025-08-16T09:22:34+00:00,2025-08-16 09:22:34+00:00,3.0,4.0,63.0,5.0,3.0,28,19,False,9,5,1,31,0,0,0,0,User,29.0,6050.0,MIT,True,68.0,1.0,0.0,0.0,0.0,0.0,0.0,0.0,0.0,0.0,0.0,0
44921467,ebeem,guile-swayer,2025-08-16T08:43:19+00:00,2025-08-16 08:43:19+00:00,0.0,0.0,23.0,98.0,0.0,77,9,False,8,5,1,38,0,0,0,0,User,427.0,16419.0,MIT,True,123.0,7.0,2.0,2.0,0.0,0.0,0.0,0.0,0.0,0.0,0.0,0
44916908,hcloud-k8s,terraform-hcloud-kubernetes,2025-08-15T20:23:09+00:00,2025-08-15 20:23:09+00:00,40.0,57.0,71.0,138.0,40.0,18,1,False,20,4,0,51,0,0,0,0,Organization,296.0,45749.0,MIT,True,213.0,17.0,7.0,1.0,0.0,0.0,0.0,0.0,0.0,0.0,0.0,0
44915220,wyattjoh,jmap-mcp,2025-08-15T17:39:02+00:00,2025-08-15 17:39:02+00:00,89.0,135.0,147.0,0.0,89.0,55,11,True,17,4,0,41,0,0,0,0,User,0.0,6919.0,MIT,False,148.0,12.0,0.0,1.0,0.0,0.0,0.0,0.0,0.0,0.0,0.0,1
44913930,vpdotnet,vpnetd-sgx,2025-08-15T15:54:35+00:00,2025-08-15 15:54:35+00:00,22.0,30.0,36.0,1.0,22.0,10,2,True,15,4,0,34,0,0,1,0,Organization,0.0,8845.0,NOASSERTION,False,38.0,1.0,0.0,0.0,0.0,0.0,0.0,0.0,0.0,0.0,0.0,0
44911653,libgit2,libgit2,2025-08-15T12:42:25+00:00,2025-08-15 12:42:25+00:00,9.0,11.0,15.0,10076.0,9.0,11,1,False,12,4,0,34,1,0,0,0,Organization,5452.0,22889.0,NOASSERTION,True,10101.0,2507.0,494.0,393.0,0.0,0.0,0.0,0.0,0.0,0.0,0.0,0
44911560,dani-garcia,vaultwarden,2025-08-15T12:31:54+00:00,2025-08-15 12:31:54+00:00,0.0,0.0,0.0,40000.0,0.0,186,98,False,12,4,0,54,0,0,1,0,User,2735.0,11097.0,AGPL-3.0,True,48481.0,2279.0,25.0,261.0,0.0,0.0,0.0,0.0,0.0,0.0,0.0,0
44910671,pghookcom,pghook,2025-08-15T10:35:59+00:00,2025-08-15 10:35:59+00:00,31.0,43.0,61.0,0.0,31.0,39,5,True,10,4,0,78,0,0,0,0,Organization,5.0,10495.0,MIT,True,61.0,1.0,0.0,0.0,0.0,0.0,0.0,0.0,0.0,0.0,0.0,0
44909599,whatwg,html,2025-08-15T07:37:13+00:00,2025-08-15 07:37:13+00:00,7.0,11.0,33.0,8678.0,7.0,73,96,False,7,4,0,44,0,0,1,0,Organization,4390.0,879.0,NOASSERTION,False,8743.0,2968.0,2280.0,709.0,0.0,0.0,0.0,0.0,0.0,0.0,0.0,0
44906985,nvidia,tilus,2025-08-14T23:36:46+00:00,2025-08-14 23:36:46+00:00,70.0,96.0,268.0,19.0,70.0,93,48,False,23,3,0,58,0,0,1,0,Organization,13.0,2301.0,Apache-2.0,True,315.0,7.0,3.0,3.0,0.0,0.0,0.0,0.0,0.0,0.0,0.0,0
